title,client,year,color,folder,text,clip,credit,full,seconds,zoom,ratio
Place It,Game Jam project,2025,#2b3a67,videos/PlaceIt/,,01.mp4,Launch Trailer,,,,
,,,,,,02.mp4,,,,,
,,,,,,03.mp4,,,,,
Ent,Libby Heaney x LAS Berlin,2021,#2b3a67,videos/Ent/,A 360-degree immersive installation that uses quantum computing as both its subject and its medium. (Placeholder text: replace with your own.),https://youtu.be/ucecaYv-5v8?si=mZvvXgH1GUwTHrR0,Credit: Libby Heaney,,,,
Ambiguous Machines,Client,2026,#5b2a4a,videos/AmbiguousMachines/,,01.mp4,,,,,
,,,,,,02.png,Some Credit,yes,,,
Garden Of Non-Earthly Delights,"Libby Heaney, Frieze Sculpture x Gazelli Art House",2025,#1f4d3f,videos/NonEarthlyDelights/,,01.mp4,,,,,
Heartbreak & Magic,Libby Heaney x HTC Vive Arts x Somerset House Studios,2024,#2b3a67,videos/Heartbreak&Magic/,,01.png,,yes,,,
See of Redemption,Shezad Dawood x Zien,2023,#5b2a4a,videos/SeaOfRedemption/,,01.mp4,,yes,,,
,,,,,,02.jpg,,yes,,,
,,,,,,03.mp4,,yes,,,
